"fileID","trueRatio"
1,17.7827941003892
2,17.7827941003892
3,56.234132519035
4,56.234132519035
5,68.1292069057963
6,68.1292069057963
7,46.4158883361278
8,46.4158883361278
9,38.3118684955729
10,38.3118684955729
11,26.1015721568254
12,26.1015721568254
13,82.5404185268019
14,82.5404185268019
15,38.3118684955729
